Label,Number,Company,Type,Zone,Task type,State,Commercial,Technique,Amount,% Réussite,Début,Proposition
12651 - OBM VM dédié,12651,SYMARIS,OBM,Paris,LRS | Hosting,Sans suite,BENHADDOU,DUFAY,3800,30%,6/4/2014,7/9/2014
13849 -Hébergement (Support logiciel Libres Pack 20?),13849,ECOLE DU LOUVRE,Support,Paris,LRS | Support,Sans suite,STG_SIRIGU,MAUDET,20000,20%,7/2/2015,9/22/2016
13961 - STRATEGIE OPEN SOURCE,13961,GIE IRIS GROUPE SYSTEME U,Conseil,Paris,LPS | Assistance,Sans suite,CONTE,MAUDET,0,10%,9/2/2015,9/21/2015
14281 - Mise en place d'OBM & LinShare,14281,MAIRIE DE YOPOUGON,OBM,Paris,LGS l Service Forfait,Négociation,KISAKA,MAUDET,50000,25%,1/4/2016,4/1/2016
14282 - Services collaboratifs SAAS,14282,LA POSTE - DSI,OBM,GSO,LGS l Souscription,Sans suite,DESCHUTTER,VALENTIN,80000,30%,1/4/2016,9/15/2016
14283 - expertise mono,14283,GENDARMERIE NATIONALE,Support,Paris,LRS | Support,Sans suite,VASSILIEFF,MAUDET,7645,60%,1/4/2016,1/29/2016
14289 - SDOS,14289,VILLE DE SHERBROOKE,Conseil,CANADA,LCS | Forfait,Sans suite,IVOL,MAUDET,20000,10%,1/4/2016,4/13/2016
14290 - SDOS,14290,LA CAPITALE,Conseil,CANADA,LCS | Forfait,Sans suite,IVOL,MAUDET,20000,70%,1/4/2016,4/18/2016
14284 - UGAP - Intégration Firefox : documentation et accompagnement,14284,CD04,Infra,GSE,LPS | Forfait,Signée,PHILIPPENKO,VALENTIN,4841.64,100%,1/5/2016,1/7/2016
13614 - UGAP - Formation Postgres,13614,CONSEIL GENERAL DU VAR (CG 83),Formation,GSE,LPS | Assistance,Sans suite,PHILIPPENKO,VALENTIN,3000,20%,3/6/2015,4/16/2015
14295 - Mise en place de Linshare,14295,VILLE DE SAINT MICHEL SUR ORGE,LinShare,Paris,LGS l Service Forfait,Sans suite,STG_SIRIGU,MARTIN,5000,40%,1/7/2016,7/15/2016
14296 - [UGAP] LinSign JWS,14296,ASP PUBLIC,LinPKI,GSO,LGS l Service Forfait,Signée,DESCHUTTER,VALENTIN,44797.9,100%,1/7/2016,4/1/2016
14297 - AT Drupal 6,14297,NEWFARM AGRICONSULT,Studio,Paris,LPS | Assistance,Signée,BENHADDOU,MOUTON,1000,10%,1/7/2016,3/1/2016
14298 - migrationD8,14298,AGENCE BIBLIOGRAPHIQUE DE L'ENSEIGNEMENT SUPERIEUR,Studio,GSO,LPS | Forfait,Qualification,DESCHUTTER,VALENTIN,50000,30%,1/7/2016,1/29/2016
14299 - Marché PII - Lot 3 SLL 2016,14299,UGAP - UNION DES GROUPEMENTS D'ACHATS PUBLICS,OSSA,Paris,LRS | OSSA,Sans suite,VASSILIEFF,MAUDET,0,0%,1/7/2016,6/6/2016
14010 - Mise en place de Linshare [UGAP],14010,VILLE DE NANTERRE,LinShare,Paris,LGS l Service Forfait,Signée,BENHADDOU,CHAPELLON,4841.64,100%,9/22/2015,9/29/2015
14227 - LinPKI,14227,ADIE SENEGAL,LinPKI,Paris,LGS l Service Assistance,Perdue,KISAKA,MAUDET,200000,0%,1/8/2016,3/25/2016
14300 - OBM Online  AO CDG 59 2015-19,14300,COMMUNE DE SARS ET ROSIERES,OBM,Paris,LGS l Souscription,Signée,CONTE,CHAPELLON,54,100%,1/8/2016,1/8/2016
13667 - UGAP - Assistance sur Liferay,13667,CONSEIL GENERAL DU VAR (CG 83),Studio,GSE,LPS | Assistance,Sans suite,PHILIPPENKO,VALENTIN,1,0%,3/30/2015,5/14/2015
14302 -[UGAP]  Dev et mise en open source Logiciel Reporting - Suricate,14302,CH SAINT LO,Développement,Paris,LPS | Assistance,Sans suite,STG_SIRIGU,MAUDET,8000,0%,1/9/2016,7/15/2016
14303 - Schéma Directeur Open Source,14303,CH SAINT LO,Conseil,Paris,LCS | Forfait,Sans suite,STG_SIRIGU,MAUDET,15000,0%,1/9/2016,7/14/2016
14304 - Projet IAM,14304,CROIX ROUGE,LinID,Paris,LGS l Service Forfait,Sans suite,CONTE,CHAPELLON,20000,0%,1/9/2016,2/15/2016
14305 - Mission Ingénieur Dev PHP,14305,S.N.I.,Studio,Paris,LPS | Assistance,Perdue,BENHADDOU,CAMICAS,100000,0%,1/9/2016,1/18/2016
14306 - AO Messagerie Externalisé,14306,CAMIEG,OBM,Paris,LGS l Souscription,Sans suite,BENHADDOU,CHAPELLON,8000,0%,1/9/2016,1/20/2016
12003 - Installation et Support LinShare,12003,NEXTER GROUP,LinShare,Paris,LGS l Souscription,Négociation,BOSSHARD,MARTIN,18000,1%,9/18/2013,11/20/2014
12251 - [UGAP] Migration OBM,12251,MAIRIE DE REMIREMONT,OBM,Paris,LGS l Service Forfait,Sans suite,BENHADDOU,MAUDET,24826,0%,12/20/2013,7/18/2014
13626 - UGAP - Prestation sur Alcasar,13626,CONSEIL GENERAL DU VAR (CG 83),Infra,GSE,LPS | Assistance,Sans suite,PHILIPPENKO,VILAREM,1200,0%,3/11/2015,4/15/2015
14307 - Prestatiosn expertie dev agile,14307,EDF - DIRECTION DES ACHATS,Studio,Paris,LPS | Assistance,Sans suite,CONTE,ZAPOLSKY,0,0%,1/11/2016,1/13/2016
14308 - OBM Online AO CDG 59 2015-19,14308,VILLE DE LA MADELEINE,OBM,Paris,LGS l Souscription,Signée,CONTE,CHAPELLON,7026,100%,1/4/2016,1/7/2016
14309 - Journée Expertise LinID,14309,BIBILOTHEQUE PUBLIQUE D'INFORMATION (BPI),LinID,Paris,LGS l Service Assistance,Signée,BOISSONNET,CHAPELLON,1400,100%,1/11/2016,1/11/2016
14310 - Intervention Drupal 6 Guide du cloud,14310,CBP,Studio,Paris,LPS | Assistance,Signée,ZAPOLSKY,MOUTON,10500,100%,1/11/2016,1/12/2016
13307 - [UGAP] migration messagerie,13307,CONSEIL GENERAL DE LA MARNE (CG 51),OBM,Paris,LGS l Service Assistance,Sans suite,CONTE,MAUDET,53690,0%,11/14/2014,2/11/2015
14311 - Petals ESB,14311,NCTR,Petals,Paris,LGS l Service Forfait,Négociation,KISAKA,ESCUDIE,120000,40%,12/28/2015,1/10/2016
14312 - UGAP - Tutorat pour l'exploitation du site Marseille.fr,14312,VILLE DE MARSEILLE,Studio,GSE,LPS | Forfait,Sans suite,CONTE,MOUTON,5000,0%,1/12/2016,1/1/2017
14313 - Formations LPI 101 et 102,14313,CRINE JULIEN,Formation,Paris,LTS | Inter,Signée,OBREMSKI,OBREMSKI,4400,100%,1/12/2016,1/12/2016
14314 - Formation Linux Essentials,14314,CH ARGENTAN,Formation,Paris,LTS | Inter,Signée,OBREMSKI,OBREMSKI,1800,10%,1/12/2016,1/12/2016
14315 - Etude de faisabilite Open JDK,14315,BANQUE DE FRANCE,Infra,Paris,LPS | Forfait,Sans suite,CONTE,DUFAY,11500,0%,1/12/2016,1/12/2016
12434 - Evolutions GLPI,12434,AGENCE DE LA BIOMEDECINE,Infra,Paris,LPS | Forfait,Sans suite,VASSILIEFF,MAUDET,3000,20%,2/20/2014,7/21/2016
13750 - MOE intranet,13750,ORGANISATION INTERNATIONALE DE LA FRANCOPHONIE (ACCT),Studio,Paris,LPS | Forfait,Sans suite,VASSILIEFF,MAUDET,50000,0%,5/13/2015,2/26/2016
14316 - UGAP - Proxy-et-reverse proxy,14316,AP-HM,Infra,GSE,LPS | Forfait,Sans suite,PHILIPPENKO,VALENTIN,1,50%,1/13/2016,2/17/2016
14317 - UGAP - Accompagnement intégration GLPI,14317,AP-HM,Infra,GSE,LPS | Forfait,Signée,PHILIPPENKO,DANIEL,26093.88,10%,1/13/2016,1/28/2016
14318 - Formation Administration de la PKI EJBCA,14318,ATOS WORLDLINE,Formation,Paris,LTS | Inter,Signée,OBREMSKI,OBREMSKI,5150,100%,1/13/2016,1/13/2016
14149 - Support 2016,14149,LAGARDERE,LinID,Paris,LGS l Souscription,Signée,CONTE,MAUDET,15000,100%,1/1/2016,1/15/2016
14271 - support typo3 2016,14271,SIAAP,Support,Paris,LRS | Support,Sans suite,VASSILIEFF,MAUDET,6800,0%,1/1/2016,1/15/2016
14319 - Montée de version LibreOffice (5.1),14319,STEF-IT,Bureautique,Paris,LPS | Assistance,Sans suite,STG_SIRIGU,MAUDET,6250,0%,1/15/2016,1/18/2016
14320 - AT expert Tomcat,14320,FRANCE TELEVISIONS,Infra,Paris,LPS | Assistance,Signée,CONTE,MAUDET,35165.58,100%,1/15/2016,1/15/2016
14376 - TMA Humanité.fr 2016 (01/04-31/03),14376,L'HUMANITE,Studio,Paris,LPS | Forfait,Signée,ZAPOLSKY,MOUTON,45000,100%,9/17/2015,2/1/2016
14237 - UGAP - Pack 50 logiciels libres,14237,DGAC - DSNA - DTI,Support,Paris,LRS | Support,Signée,CONTE,MAUDET,40807.72,100%,1/5/2016,1/15/2016
14321 - Formation Nagios,14321,SAINT-GOBAIN INTERSERVICES,Formation,Paris,LTS | Inter,Gagnée,OBREMSKI,OBREMSKI,1500,100%,1/18/2016,1/18/2016
14322 - UGAP - POC intégration Firefox,14322,CD04,Infra,GSE,LPS | Forfait,Signée,PHILIPPENKO,CHAPELLON,15289,100%,1/18/2016,1/20/2016
14323 - OBM Assistance 2,14323,BRAKE FRANCE SERVICE,OBM,Paris,LGS l Service Assistance,Sans suite,ZAPOLSKY,CHAPELLON,15000,0%,1/19/2016,1/19/2016
13369 - [UGAP] Migration Samba 4,13369,VILLE DE FONDETTES,Infra,Paris,LPS | Forfait,Sans suite,BOISSONNET,MAUDET,10000,0%,12/12/2014,12/12/2014
14325 - support editeur 6 mois 01/01-30/06 obm et linshare,14325,CONSEIL GENERAL DE GUYANE,OBM,Paris,LGS l Souscription,Signée,CONTE,CHAPELLON,5000,100%,1/21/2016,1/21/2016
14326 - CPRP - UGAP - Liferay évolutions,14326,CPRP SNCF,Studio,GSE,LPS | Forfait,Signée,PHILIPPENKO,VALENTIN,7644.68,100%,1/21/2016,1/25/2016
14327 - Formation LPI 102,14327,INTRINSEC,Formation,Paris,LTS | Inter,Signée,OBREMSKI,OBREMSKI,2200,100%,1/22/2016,1/22/2016
14328 - SUJET SSO,14328,AIR LIQUIDE,LinID,Paris,LGS l Service Forfait,Sans suite,CONTE,CHAPELLON,10000,0%,1/22/2016,2/15/2016
14012 - Support Linshare avril 2016-2017,14012,VILLE DE NANTERRE,LinShare,Paris,LRS | Support,Signée,BENHADDOU,CHAPELLON,5000,100%,9/22/2015,1/18/2016
14329 - jours d'assistance a la demande WebSSO,14329,LAGARDERE,LinID,Paris,LGS l Service Assistance,Signée,CONTE,CHAPELLON,5000,100%,1/18/2016,1/18/2016
14330 - marché broadcast - MS1 - AT expert Tomcat,14330,FRANCE TELEVISIONS,Infra,Paris,LPS | Assistance,Signée,CONTE,CHAPELLON,34100,100%,1/25/2016,2/1/2016
20177 - SEP/SG FARANDOLE (Certificat),20177,MINEFI SLL 2012,LinPKI,Paris,LGS l Service Forfait,Signée,DANIEL,DANIEL,2530,100%,1/25/2016,1/27/2016
14335 - Support Ingres pour l'année 2017,14335,SNCF (DSIT),OSSA,Paris,LRS | OSSA,Sans suite,ZAPOLSKY,MAUDET,201300,0%,1/26/2016,12/31/2016
14336 - support intermédiaire 6 mois,14336,BANQUE POSTALE GRADIGNAN,OSSA,GSO,LRS | OSSA,Signée,DESCHUTTER,VALENTIN,30000,100%,1/26/2016,1/26/2016
14337 - Formation LPI-1,14337,AGEPASEF,Bureautique,Paris,LTS | Intra,Sans suite,MATONDO,VALENTIN,7500,0%,1/27/2016,1/27/2016
14338 - obmonline,14338,CRIC ASSO,OBM,GSO,LGS l Souscription,Qualification,DESCHUTTER,VALENTIN,600,50%,1/27/2016,1/27/2016
14339 - Revue config et Mise Ã  jour Opush,14339,BRAKE FRANCE SERVICE,Infra,Paris,LPS | Assistance,Signée,ZAPOLSKY,CHAPELLON,8000,100%,1/27/2016,1/28/2016
14341 - Audit outil statistique,14341,SYNDICAT FRANCAIS DE L'INDUSTRIE DES CIMENTIERS,Conseil,Paris,LCS | Assistance,Perdue,BENHADDOU,VALENTIN,10000,0%,1/27/2016,1/28/2016
12232 - [UGAP] Déploiement LinShare,12232,UNIVERSITE DE BOURGOGNE,LinPKI,Paris,LGS l Service Forfait,Qualification,BOSSHARD,MARTIN,6207,10%,12/16/2013,5/1/2016
14242 - montée en TLS sur OpenLDAP,14242,ELEPHANT VERT,LinID,Paris,LGS l Service Assistance,Signée,BENHADDOU,CHAPELLON,6000,100%,12/15/2015,3/14/2016
14343 - support 2017 + mise Ã  jour,14343,OIEAU,OBM,GSO,LGS l Souscription,Gagnée,DESCHUTTER,VALENTIN,5000,100%,1/29/2016,1/29/2017
13668 - UGAP - Nagios,13668,CONSEIL GENERAL DU VAR (CG 83),Infra,GSE,LPS | Assistance,Perdue,PHILIPPENKO,VALENTIN,1,30%,3/30/2015,5/14/2015
13670 - UGAP - GLPI,13670,CONSEIL GENERAL DU VAR (CG 83),Infra,GSE,LPS | Assistance,Sans suite,PHILIPPENKO,VALENTIN,1,0%,3/30/2015,5/14/2015
13546 - Hosting 2015 (01/04-31/03),13546,L'HUMANITE,Hosting,Paris,LRS | Hosting,Signée,ZAPOLSKY,MAUDET,50000,100%,2/18/2015,2/18/2015
13184 - [UGAP] Installation LinShare,13184,EPSM QUIMPER,LinShare,Paris,LGS l Service Assistance,Sans suite,STG_SIRIGU,MARTIN,3000,60%,10/1/2014,10/22/2014
13194 - [UGAP] Besoin Messagerie avec préférence Exchange Lead Adullact 2014,13194,MAIRIE DE FRANCHEVILLE,OBM,Paris,LGS l Souscription,Sans suite,BENHADDOU,MAUDET,20000,70%,10/2/2014,12/31/2014
13689  - UGAP - renouvellement Support 2016,13689,ASP PUBLIC,Support,GSO,LRS | Support,Signée,DESCHUTTER,VALENTIN,40807.72,100%,4/10/2015,2/1/2016
13707 - Hosting 2016 (01/04-31/03),13707,L'HUMANITE,Hosting,Paris,LRS | Hosting,Gagnée,ZAPOLSKY,MAUDET,50000,100%,2/1/2016,3/1/2016
14258 - Hosting 2016 (01/04-31/03),14258,VILLE DE FONDETTES,Hosting,Paris,LRS | Hosting,Sans suite,BOSSHARD,MAUDET,960,0%,1/1/2016,1/1/2016
14260 - support editeur 2016,14260,OIEAU,OBM,GSO,LGS l Souscription,Signée,DESCHUTTER,VALENTIN,5000,100%,1/1/2016,3/1/2016
14261 - Renouvellement OBM OL,14261,MANUFACTURE NATIONALE DE SEVRES,OBM,Paris,LGS l Souscription,Gagnée,VASSILIEFF,MAUDET,1440,100%,1/1/2016,3/1/2016
14342 - OBM online 4 comptes - 2016,14342,LE BARS - PARTICULIER,OBM,Paris,LGS l Service Forfait,Proposition Ã  remettre,BOSSHARD,BOSSHARD,80,30%,1/28/2016,1/29/2016
13735 - Accompagnement LL,13735,VILLE DE LAVAL (QC),Bureautique,CANADA,LCS | Forfait,Qualification,IVOL,MAUDET,20000,5%,2/2/2016,5/31/2017
14347 - webSSO,14347,SIAAP,LinID,Paris,LGS l Service Forfait,Qualification,VASSILIEFF,CHAPELLON,5000,20%,2/2/2016,5/31/2017
14348 - deploiement LInux,14348,AAIR DIALYSE A DOMICILE,Infra,GSO,LPS | Assistance,Signée,DESCHUTTER,VALENTIN,950,10%,2/2/2016,2/2/2016
14027 - Migration OBM,14027,TECH ADVANTAGE,OBM,Paris,LGS l Service Assistance,Sans suite,BENHADDOU,MAUDET,5000,0%,9/25/2015,9/29/2015
14349 - Fomation LPI 101,14349,EUROGICIEL,Formation,Paris,LTS | Inter,Signée,OBREMSKI,OBREMSKI,2200,100%,2/3/2016,2/3/2016
14350 - Support editeur premium PostgreSQL,14350,SUPERMARCHE MATCH,Support,Paris,LRS | Support,Perdue,BENHADDOU,MAUDET,20000,0%,2/3/2016,7/1/2016
14351 - support GLPI 2016,14351,SIAAP,Support,Paris,LRS | Support,Signée,VASSILIEFF,DUFAY,3900,100%,2/3/2016,2/3/2016
14353 - Migration vers OBM depuis Lotus,14353,FRANCAISE DES JEUX,OBM,GSE,LGS l Service Forfait,Sans suite,PHILIPPENKO,ZAPOLSKY,100000,0%,2/4/2016,4/7/2016
14354 - site femmes gouv fr,14354,MINISTERE DES AFFAIRES SOCIALES ET DE LA SANTE,Studio,Paris,LPS | Forfait,Sans suite,VASSILIEFF,MOUTON,40000,0%,2/4/2016,4/6/2016
14356 - AT S1,14356,GROUPE BERGER LEVRAULT,Développement,GSO,LPS | Assistance,Gagnée,DESCHUTTER,VALENTIN,37000,100%,2/4/2016,2/4/2016
14358 - Logiciels,14358,SIBA SENEGAL,OBM,Paris,LGS l Service Forfait,Sans suite,KISAKA,MAUDET,8000,0%,2/4/2016,3/25/2016
13506 - Support Linshare,13506,EPSM QUIMPER,LinShare,Paris,LGS l Souscription,Qualification,BOSSHARD,MARTIN,2000,1%,2/13/2015,2/13/2015
14360 - Mailincloud 60 BAL - Trois ans - fin : mai 2019,14360,SAVIMEX,OBM,GSE,LGS l Souscription,Signée,PHILIPPENKO,CHAPELLON,1250,100%,2/8/2016,2/16/2016
14361 - [UGAP] industrialisation de linshare,14361,DGAC - DSNA - DTI,LinShare,Paris,LGS l Service Forfait,Signée,CONTE,CHAPELLON,41790.97,100%,2/8/2016,2/9/2016
13860 - Guide d'usage de l'open source,13860,VILLE DE LAVAL (QC),Conseil,CANADA,LCS | Forfait,Sans suite,ROTH,IVOL,20000,0%,7/5/2015,7/22/2015
14362 - LOT 1 EDITORIAL - AO Création site internet,14362,TELECOM SUD PARIS,Studio,Paris,LPS | Forfait,Signée,BENHADDOU,MOUTON,7500,100%,2/9/2016,2/15/2016
14363 - application NOVOTIP,14363,UNIVERSITE PIERRE ET MARIE CURIE,Studio,Paris,LPS | Assistance,Perdue,VASSILIEFF,MOUTON,40000,0%,2/10/2016,2/10/2016
14364 - accompagnement Alfresco,14364,INSTITUT DES HAUTES ETUDES DE DEFENSE NATIONALE,Développement,Paris,LPS | Forfait,Sans suite,VASSILIEFF,MAUDET,30000,0%,2/10/2016,4/12/2016
14366 - Intervention Drupal 6 Guide du cloud Suite,14366,CBP,Studio,Paris,LPS | Assistance,Signée,ZAPOLSKY,MOUTON,6600,80%,2/11/2016,2/11/2016
14367 -  Migration BAL et options retenues,14367,OPH66,OBM,GSO,LGS l Service Forfait,Signée,DESCHUTTER,VALENTIN,10100,8%,2/11/2016,2/11/2016
14345 - Support Editeur LemonLDAP::NG 2016,14345,AGENCE NATIONALE DES FREQUENCES,Support,Paris,LGS l Service Assistance,Transférée,BENHADDOU,MAUDET,5000,0%,1/29/2016,3/1/2016
14369 - Formation LPI 101,14369,SOUKEINA,AUTRE,Paris,LTS | Intra,Sans suite,KISAKA,ZAPOLSKY,8000,0%,2/12/2016,4/4/2016
14370 - gouv.ci,14370,SNDI,Développement,Paris,LCS | Assistance,Sans suite,KISAKA,MAUDET,20000,0%,2/12/2016,3/14/2016
14371 - LinID,14371,CONSEIL GENERAL DU GARD,LinID,GSE,LGS l Service Forfait,Sans suite,STG_SIRIGU,MAUDET,1,0%,2/12/2016,7/13/2016
14372 -  Coffre fort numérique pour les RH,14372,EDF - DIRECTION DES ACHATS,LinSM,Paris,LGS l Service Forfait,Perdue,CONTE,MAUDET,100000,0%,2/15/2016,2/22/2016
14373 - Formation LPI 101,14373,UNIVERSITE SORBONNE NOUVELLE - PARIS 3,Formation,Paris,LTS | Inter,Signée,OBREMSKI,OBREMSKI,1050,100%,2/15/2016,2/15/2016
13994 - [UGAP] Besoins Outillage Déploiement parc d'appareil,13994,VILLE DE MARSEILLE,Studio,GSE,LPS | Forfait,Qualification,BOSSHARD,VALENTIN,3000,2%,11/1/2015,2/17/2016
20178 - Complément étude du socle Bofip,20178,MINEFI SLL 2012,Conseil,Paris,LPS | Forfait,Signée,DANIEL,DANIEL,4700,100%,2/17/2016,2/17/2016
14374 - TMA applications Web lot 4,14374,MINISTERE DE L'INTERIEUR - DSIC,Studio,Paris,LPS | Forfait,Perdue,VASSILIEFF,MOUTON,0,90%,2/17/2016,3/21/2016
14375 - OSSA CentOS et MySQL,14375,LA POSTE (COURRIER),OSSA,Paris,LRS | OSSA,Sans suite,CONTE,ZAPOLSKY,60000,0%,2/18/2016,2/18/2016
14377 - support Linshare 2016,14377,CONSEIL D'ETAT,OSSA,Paris,LRS | Support,Sans suite,VASSILIEFF,DUFAY,5000,0%,2/18/2016,3/10/2016
14378 - support lemonLDAP,14378,CONSEIL D'ETAT,OSSA,Paris,LRS | Support,Sans suite,VASSILIEFF,DUFAY,5000,0%,2/18/2016,3/10/2016
14379 - dev linshare et lemonLDAP,14379,CONSEIL D'ETAT,Développement,Paris,LPS | Forfait,Sans suite,VASSILIEFF,CHAPELLON,10000,0%,2/18/2016,3/16/2016
14380 - Formation Petals ESB,14380,NCTR,Petals,Paris,LTS | Intra,Sans suite,KISAKA,ESCUDIE,10000,0%,2/19/2016,3/1/2016
"14381 - Déploiement, en POC, d'un serveur LinPKI (EJBCA)",14381,SATT SUD-EST,LinPKI,GSE,LGS l Service Forfait,Perdue,PHILIPPENKO,VALENTIN,20000,0%,2/19/2016,2/29/2016
14382 - Support Linshare 1 an,14382,CENTRE HOSPITALIER DE WALLONIE-PICARDIE,LinShare,Paris,LRS | Support,Sans suite,BOSSHARD,MARTIN,5000,0%,2/19/2016,4/6/2016
14383 - AT complement Squid,14383,MAIF,Infra,Paris,LPS | Assistance,Signée,CONTE,MAUDET,1875,100%,2/19/2016,2/19/2016
13651 - UGAP - outils de GED Maarch,13651,MAIRIE D'ISTRES,LinPKI,GSE,LPS | Assistance,Qualification,BOSSHARD,MAUDET,5000,1%,3/20/2015,4/1/2015
14384 - VITAM lot1 constitution du backlog,14384,SERVICES PREMIER MINISTRE - DSAF,OpenPaaS,Paris,LGS l Service Forfait,Signée,VASSILIEFF,MOUTON,168500,100%,2/22/2016,2/22/2016
20179 - Evolution de l'infrastructure DNS,20179,MINEFI SLL 2012,Infra,Paris,LPS | Forfait,Sans suite,DANIEL,CHAPELLON,9340.88,0%,2/22/2016,2/22/2016
14385 - Support serveur LinPKI-EJBCA et stack logicielle,14385,SATT SUD-EST,LinPKI,GSE,LGS l Souscription,Perdue,PHILIPPENKO,VALENTIN,5000,0%,2/22/2016,2/23/2016
14387 - AO Prestation de conseil en architecture informatique,14387,AGENCE NATIONALE DES FREQUENCES,Conseil,Paris,LPS | Forfait,Perdue,BENHADDOU,MAUDET,100000,0%,2/23/2016,3/7/2016
14388 - Second nom de domaine infra OBM,14388,NALDEO,OBM,Paris,LGS l Service Assistance,Sans suite,BENHADDOU,CHAPELLON,5000,0%,2/23/2016,3/4/2016
14389 - Formation LPI 101 et 102,14389,SOLYSTIC,Formation,Paris,LTS | Intra,Signée,OBREMSKI,OBREMSKI,4200,100%,2/24/2016,2/24/2016
14390 - Intervention Drupal 6 Guide du cloud Suite2,14390,CBP,Studio,Paris,LPS | Assistance,Signée,ZAPOLSKY,CAMICAS,2250,100%,2/25/2016,2/25/2016
14391 - Formation LPI 101,14391,TISME MARTINEZ-THEO (STARINUX),Formation,Paris,LTS | Inter,Perdue,STG_BEKDACHE,VALENTIN,850,0%,2/26/2016,2/26/2016
14131 - FusionInventory,14131,MAIRIE DE CHATOU,Conseil,Paris,LCS | Forfait,Négociation,BOSSHARD,MAUDET,4700,30%,10/30/2015,2/1/2016
13724 - Renouvellement support S/MIME (01/05-30/04),13724,TECHNIP FRANCE,Support,Paris,LRS | Support,Sans suite,ZAPOLSKY,MAUDET,10000,0%,1/19/2016,1/19/2016
14250 - OSSA Socle 2016,14250,SNCF,OSSA,Paris,LRS | OSSA,Signée,MAUDET,MAUDET,148875.03,100%,1/1/2016,2/1/2016
14392 -  AT Open LDAP,14392,BIBILOTHEQUE PUBLIQUE D'INFORMATION (BPI),LinID,Paris,LGS l Service Assistance,Signée,CONTE,CHAPELLON,1250,100%,3/1/2016,3/2/2016
14393 - Formation Asterisk,14393,VALENCE AGGLO SUD RHONE-ALPES,Infra,RA,LPS | Forfait,Sans suite,PHILIPPENKO,MAUDET,1,0%,3/1/2016,3/18/2016
14394 - Contrat socles dans contrat Distributions,14394,SNCF,OSSA,Paris,LRS | OSSA,Sans suite,ZAPOLSKY,MAUDET,400000,0%,3/2/2016,3/2/2016
14395 - UGAP - Audit Centréon-Nagios,14395,CNMSS,Infra,GSE,LPS | Forfait,Négociation,BOSSHARD,VALENTIN,5000,2%,3/2/2016,3/10/2016
14396 - Cursus LPI,14396,GFI INFORMATIQUE,Formation,Paris,LTS | Inter,Négociation,MATONDO,VALENTIN,9200,30%,3/2/2016,3/2/2016
14397 - realasation de prestations diverses liées au dev de nvelles appli,14397,AGENCE DE L'EAU ARTOIS PICARDIE,Studio,Paris,LPS | Forfait,Sans suite,CONTE,MOUTON,150000,0%,3/2/2016,3/29/2016
14398 - accompagnement Redmine,14398,UNIVERSITE PIERRE ET MARIE CURIE,LinID,Paris,LGS l Service Forfait,Sans suite,VASSILIEFF,VALENTIN,16800,0%,3/2/2016,3/2/2016
14399 - intégration Redmine,14399,UNIVERSITE PARIS 4,Infra,Paris,LPS | Forfait,Sans suite,VASSILIEFF,VALENTIN,11513,0%,3/3/2016,3/9/2016
14400 - Paramétrage GED Maarch,14400,ARS NANTES,Infra,Paris,LPS | Forfait,Sans suite,BENHADDOU,MAUDET,100000,0%,3/3/2016,3/11/2016
14401 - [UGAP] Paramétrage Wordpress,14401,CD FINISTERE,Studio,Paris,LPS | Assistance,Signée,BENHADDOU,MAUDET,4841.64,100%,3/3/2016,3/7/2016
14402 - Cloture V1 Odoo,14402,INSTITUT DES HAUTES ETUDES DE DEFENSE NATIONALE,Développement,Paris,LPS | Forfait,Gagnée,VASSILIEFF,MAUDET,11513,100%,3/3/2016,3/11/2016
14403 - Support Logiciels Libres,14403,DGFIP,OSSA,Paris,LRS | OSSA,Gagnée,VASSILIEFF,MAUDET,451200,100%,3/4/2016,3/4/2016
14255 - Hosting 2016 (06/03-05/03),14255,LOISIR VACANCES JEUNESSES,Hosting,Netaktiv,LRS | Hosting,Gagnée,BUCAN,MAUDET,636,100%,3/6/2016,3/6/2016
20180 - Mise Ã  niveau des SSO,20180,MINEFI SLL 2012,LinID,Paris,LGS l Service Forfait,Signée,DANIEL,DANIEL,157716.38,100%,3/6/2016,3/7/2016
14415 - Assistance OpenStack,14415,COMMISSION DE PROTECTION DU TERRITOIRE AGRICOLE DU QUEBEC,OSSA,CANADA,LRS | Support,Sans suite,IVOL,IVOL,1500,0%,3/5/2016,3/9/2016
14404 - Formation LPI 102,14404,PROXIT,Formation,Paris,LTS | Inter,Perdue,OBREMSKI,OBREMSKI,2200,0%,3/7/2016,3/7/2016
14405 - Support OBM ( 01/01 - 31/12/2016),14405,UNIVERSITE PARIS OUEST NANTERRE LA DEFENSE,OBM,Paris,LGS l Souscription,Gagnée,ZAPOLSKY,MAUDET,40000,100%,3/7/2016,3/7/2016
14406 - Prolong marché + 3 mois->11/07/2016 + évolutions,14406,SERVICE D'INFORMATION DU GOUVERNEMENT (SIG),Studio,Paris,LPS | Forfait,Signée,ZAPOLSKY,MOUTON,47240.74,100%,3/7/2016,3/7/2016
14407 - Candidature AO Refonte et Hebergement site internet,14407,INSERM,Studio,Paris,LPS | Forfait,Perdue,BENHADDOU,MOUTON,0,0%,3/7/2016,3/14/2016
14408 - Refonte site internet avec UX,14408,ACTION CONTRE LA FAIM,Studio,Paris,LPS | Forfait,Sans suite,STG_SIRIGU,MOUTON,260000,0%,3/7/2016,6/16/2016
14409 - Accompagnement Ã  la mise en oeuvre de LinID,14409,CENTRE NATIONAL DE L'INFORMATIQUE,LinID,TUNISIE,LGS l Service Assistance,Gagnée,ZAPOLSKY,MAUDET,5000,100%,3/7/2016,3/7/2016
14410 - Accompagnement Ã  la mise en oeuvre de l'ESB Petals,14410,CENTRE NATIONAL DE L'INFORMATIQUE,Petals,TUNISIE,LGS l Service Assistance,Sans suite,ZAPOLSKY,MAUDET,5000,0%,3/7/2016,3/7/2016
14411 - Recadre de la stratégie e-algérie,14411,MINISTERE DE LA POSTE ET DES TELECOMMUNICATIONS,Conseil,Paris,LCS | Assistance,Sans suite,KISAKA,MAUDET,75000,0%,3/8/2016,5/16/2016
14412 - AccÃ¨s IAM et Centralisation des logs SIEM,14412,SOS GROUP,Conseil,Paris,LCS | Forfait,Gagnée,KISAKA,CHAPELLON,146328,100%,3/8/2016,3/15/2016
"14413 - UGAP - Montée en version Joomla, migration des données",14413,SDIS 83,Studio,GSE,LPS | Forfait,Sans suite,STG_SIRIGU,CAMICAS,1500,0%,3/8/2016,3/9/2016
14414 - SIG - Projet d'Investissement d'Avenir (PIA),14414,SERVICE D'INFORMATION DU GOUVERNEMENT (SIG),Studio,Paris,LPS | Forfait,Signée,ZAPOLSKY,CAMICAS,33963.93,100%,3/8/2016,3/8/2016
14416 - VITAM itération 3-4,14416,SERVICES PREMIER MINISTRE - DSAF,OpenPaaS,Paris,LGS l Service Forfait,Signée,VASSILIEFF,MOUTON,57175.3,100%,3/8/2016,5/6/2016
14417 - VITAM itération 5,14417,SERVICES PREMIER MINISTRE - DSAF,OpenPaaS,Paris,LGS l Service Forfait,Signée,VASSILIEFF,MOUTON,42627.9,100%,3/8/2016,6/22/2016
14418 - VITAM itération 6 a 10,14418,SERVICES PREMIER MINISTRE - DSAF,OpenPaaS,Paris,LGS l Service Forfait,Signée,VASSILIEFF,MOUTON,213139,100%,3/8/2016,6/12/2016
14419 - VITAM itération 11 Ã  15,14419,SERVICES PREMIER MINISTRE - DSAF,OpenPaaS,Paris,LGS l Service Forfait,Gagnée,VASSILIEFF,MOUTON,213139,100%,3/8/2016,10/21/2016
14120 - Linshare,14120,SDIS 39,Conseil,Paris,LCS | Forfait,Qualification,BOSSHARD,MAUDET,5000,2%,10/27/2015,3/22/2016
14420 - Humanité - MonHuma RSE,14420,L'HUMANITE,Studio,Paris,LPS | Forfait,Signée,ZAPOLSKY,MOUTON,210435,100%,3/9/2016,3/9/2016
14421 - Formation LPI 101 et 102,14421,ECLAIRGROUP,Formation,Paris,LTS | Inter,Perdue,OBREMSKI,OBREMSKI,30000,0%,3/9/2016,3/9/2016
14422 - Formations LPI 101 et 102,14422,ECLAIRGROUP,Formation,Paris,LTS | Intra,Sans suite,MATONDO,MATONDO,16549,0%,3/9/2016,3/9/2016
14423 - Projet LinShare,14423,CONSEIL GENERAL DE SEINE MARITIME (76),LinShare,Paris,LGS l Service Forfait,Sans suite,STG_SIRIGU,CHAPELLON,5000,0%,3/9/2016,3/14/2016
14424 - consulting,14424,CONSEIL GENERAL DE HAUTE GARONNE,Conseil,GSO,LCS | Forfait,Qualification,DESCHUTTER,VALENTIN,10000,30%,3/10/2016,5/30/2016
14425 - messagerie,14425,CONSEIL GENERAL DE HAUTE GARONNE,OBM,GSO,LGS l Service Forfait,Sans suite,DESCHUTTER,VALENTIN,10000,0%,3/10/2016,7/25/2016
14426 - Transfert de competences Symfony2 [UGAP],14426,CONSEIL GENERAL DE HAUTE GARONNE,Studio,GSO,LPS | Forfait,Signée,DESCHUTTER,VALENTIN,12282.48,100%,3/10/2016,3/28/2016
14427 - Libre Office,14427,CONSEIL GENERAL DE HAUTE GARONNE,Bureautique,GSO,LPS | Forfait,Qualification,DESCHUTTER,VALENTIN,10000,30%,3/10/2016,5/30/2016
12507 - Déploiement OBM,12507,LACTALIS,OBM,Paris,LGS l Service Forfait,Qualification,BOSSHARD,MAUDET,100000,1%,4/3/2014,4/12/2017
14429 - e-Mailings Rustica,14429,RUSTICA,NEOMA,NEOMA,LPS | Assistance,Gagnée,CLOUZEAU,ZAPOLSKY,20000,100%,3/1/2016,3/1/2016
14430 - e-Mailings SystÃ¨meD / PGV / Pluriad,14430,PGV MAISON,NEOMA,NEOMA,LPS | Assistance,Gagnée,CLOUZEAU,ZAPOLSKY,6000,100%,3/1/2016,3/1/2016
14431 - accompagnement LSC suite,14431,LATECOERE,LinID,GSO,LGS l Service Assistance,Qualification,DESCHUTTER,VALENTIN,8000,30%,3/11/2016,4/14/2016
13278 - Projet LinID Directory Manager,13278,UNIVERSITE LIBRE DE BRUXELLES,LinID,Paris,LGS l Service Assistance,Sans suite,BOISSONNET,OUDOT,10000,0%,11/3/2014,11/17/2014
14432 - support linshare 1 an 2016 (via SCC),14432,COUR DES COMPTES,LinShare,Paris,LGS l Souscription,Signée,VASSILIEFF,DUFAY,5000,100%,3/14/2016,3/18/2016
14433 - Rustica anim anniv Boutique,14433,RUSTICA,NEOMA,NEOMA,LPS | Forfait,Gagnée,CLOUZEAU,ZAPOLSKY,1500,100%,3/10/2016,3/10/2016
14434 - Medicen refonte site,14434,MEDICEN,NEOMA,NEOMA,LPS | Forfait,Gagnée,CLOUZEAU,ZAPOLSKY,9000,100%,3/1/2016,3/1/2016
14205 - migration et support Cunbuntu,14205,DPSD,Infra,Paris,LPS | Assistance,Qualification,VASSILIEFF,MAUDET,300000,20%,11/27/2015,9/7/2017
14435 - Formation LPI 101,14435,VAELIA,Formation,Paris,LTS | Inter,Signée,OBREMSKI,OBREMSKI,2726,100%,3/15/2016,3/15/2016
14436 - Refonte Orientation-Pour-Tous.com,14436,CENTRE INFFO,NEOMA,NEOMA,LPS | Forfait,Gagnée,CLOUZEAU,ZAPOLSKY,0,100%,1/15/2015,1/15/2015
13536 - Hosting 2015 (17/05-16/05),13536,MARGARETH&MOI,Hosting,Paris,LRS | Hosting,Signée,BUCAN,MAUDET,2880,100%,2/18/2015,2/18/2015
14437 - interet frameworks javascript / refonte site,14437,CONSEIL REGIONAL MIDI PYRENEES,Développement,GSO,LGS l Service Forfait,Qualification,DESCHUTTER,VALENTIN,80000,30%,3/17/2016,1/16/2017
14438 - Formation Drupal webbuilder sur mesure,14438,INRA PACA (AVIGNON),Formation,GSE,LTS | Intra,Signée,PHILIPPENKO,MOUTON,5800,100%,3/18/2016,3/24/2016
14439 - Qualibat plateforme relation,14439,WELLCOM,NEOMA,NEOMA,LPS | Forfait,Sans suite,CLOUZEAU,ZAPOLSKY,33600,0%,2/15/2016,2/15/2016
14440 - support linshare T1 2016,14440,SDIS 21,LinShare,Paris,LGS l Souscription,Signée,VASSILIEFF,DUFAY,700,100%,3/1/2016,3/10/2016
14441 - AT 1j sur site WebSSO,14441,"CAPS (EX CP-CP, EX-MONECAM)",LinID,Paris,LGS l Service Assistance,Signée,BENHADDOU,CHAPELLON,1250,100%,3/21/2016,3/21/2016
14442 Etude cession valo SQUARE CRM,14442,SCUB,Conseil,Paris,LCS | Forfait,Signée,SCHURR,SCHURR,17000,100%,3/21/2016,3/21/2016
14443 - subsequent 2 capdemat,14443,CG 35,Infra,Paris,LPS | Forfait,Sans suite,VASSILIEFF,MAUDET,60000,0%,3/21/2016,5/11/2016
14444 - AT Open LDAP,14444,CARREFOUR SYSTEME D'INFORMATION FRANCE,LinID,Paris,LGS l Service Assistance,Signée,CONTE,MAUDET,7875,100%,3/22/2016,3/22/2016
14445 - Formation LPI 303,14445,HABITAT 76,Formation,Paris,LTS | Inter,Perdue,OBREMSKI,OBREMSKI,4000,0%,3/23/2016,3/23/2016
14446 - Formation LPI 300,14446,ORANGE,Formation,Paris,LTS | Inter,Gagnée,OBREMSKI,OBREMSKI,8000,100%,3/23/2016,3/23/2016
14447 - Formation LPI 304,14447,ORANGE,Formation,Paris,LTS | Inter,Négociation,MATONDO,MATONDO,8000,30%,3/23/2016,3/23/2016
14448 - evolution plate forme OBM [UGAP],14448,CENTRE HOSPITALIER DE CORNOUAILLE,OBM,Paris,LGS l Service Forfait,Sans suite,CONTE,CHAPELLON,22000,0%,3/23/2016,3/23/2016
20181 - Formation OTRS,20181,MINEFI SLL 2012,Formation,Paris,LTS | Intra,Sans suite,DANIEL,DANIEL,5353.25,0%,3/23/2016,3/24/2016
20182 - Chat Wifip,20182,MINEFI SLL 2012,Studio,Paris,LGS l Service Assistance,Signée,DANIEL,BAILLY,30360,100%,3/23/2016,3/24/2016
14449 - support libreoffice,14449,NANTES METROPOLE,Bureautique,Paris,LRS | Support,Gagnée,VASSILIEFF,VALENTIN,0,100%,3/23/2016,4/22/2016
14450 - integration LSC,14450,MINISTERE DE LA CULTURE,LinID,Paris,LPS | Forfait,Sans suite,VASSILIEFF,CHAPELLON,18000,0%,3/25/2016,6/30/2016
14451 - Avenant maintenance marche Annuaire 1 an (01/04/2016),14451,CONSEIL REGIONAL DE LA REUNION,LinID,Paris,LGS l Souscription,Signée,CONTE,CHAPELLON,9500,100%,3/25/2016,3/25/2016
14452 - Mailincloud CDG 59,14452,VILLE DE SECLIN,OBM,Paris,LGS l Souscription,Gagnée,CONTE,CHAPELLON,876,100%,3/25/2016,3/25/2016
11968 - OBM Online 250 BAL,11968,VILLE DES SABLES D'OLONNE,OBM,Paris,LRS | Hosting,Qualification,BOSSHARD,LEVIEUGE,7000,1%,9/10/2013,4/20/2016
12632 - Linshare + assistance tech sur OwnCloud [UGAP],12632,CONSEIL REGIONAL DE LORRAINE,LinSM,Paris,LRS | Support,Qualification,BOSSHARD,MARTIN,5000,1%,5/27/2014,3/30/2016
14285 - Projet de convergence,14285,SDIS 39,Conseil,Paris,LPS | Forfait,Qualification,BOSSHARD,MAUDET,1000,1%,1/5/2016,5/20/2017
14453 - TMA site MAAF,14453,MINISTERE DE L'AGRICULTURE,Studio,Paris,LPS | Forfait,Perdue,VASSILIEFF,MOUTON,100000,0%,3/29/2016,4/11/2016
14454-TMA ORANGINA SCHWEPPES PRO,14454,PUBLICIS DIALOG,Studio,NEOMA,LPS | Forfait,Signée,BENHADDOU,CLOUZEAU,12025,100%,3/29/2016,3/29/2016
14456 - site internet juridictions,14456,COUR DES COMPTES,Studio,Paris,LPS | Forfait,Sans suite,VASSILIEFF,MOUTON,250000,0%,3/29/2016,4/22/2016
12241 - projet ldap,12241,CNRS - DÃ‰LÃ‰GATION IDF EST,LinID,Paris,LGS l Service Assistance,Sans suite,BOSSHARD,OUDOT,5000,0%,12/17/2013,5/1/2016
14286 - support sur logiciel libre,14286,SDIS 39,Conseil,Paris,LPS | Forfait,Sans suite,BOSSHARD,MAUDET,1000,0%,1/5/2016,9/19/2016
14457 - OSSA Ceph,14457,MYCOM OSI,OSSA,Paris,LRS | OSSA,Sans suite,BENHADDOU,MAUDET,100000,0%,3/30/2016,5/16/2016
14458 - Formation LPI 101,14458,GO ALBERT,Formation,Paris,LTS | Inter,Gagnée,OBREMSKI,OBREMSKI,2200,100%,3/30/2016,3/30/2016
14459 - Accompagnement juridique OS IRON,14459,SOCIETE GENERALE SA,Conseil,Paris,LCS | Assistance,Gagnée,CONTE,SCHURR,4725,100%,3/30/2016,3/30/2016
12240 - Poste de travail,12240,ESPE BRETAGNE,Bureautique,Paris,LPS | Assistance,Qualification,BOSSHARD,BONNET,5000,1%,12/17/2013,5/1/2016
12654 - LinID Mise en place OpenLDAP,12654,MAIRIE DE BLOIS,LinID,Paris,LGS l Service Forfait,Qualification,BOSSHARD,OUDOT,20000,1%,6/4/2014,2/24/2016
13360 - Recontacter Villemomble,13360,VILLE DE VILLEMOMBLE,Hosting,Paris,LPS | Forfait,Sans suite,BOSSHARD,ZAPOLSKY,1,0%,12/11/2014,5/1/2016
14460 - Interet securite données type coffre fort,14460,CEA DE SACLAY,LinSM,Paris,LGS l Service Forfait,Sans suite,CONTE,MAUDET,0,0%,3/31/2016,8/15/2016
14464 - Migration vers OBM depuis Exchange,14464,2ISA,OBM,GSO,LGS l Service Forfait,Sans suite,DESCHUTTER,CHAPELLON,9000,0%,3/31/2016,5/11/2016
13725 - Hosting 2016-2 (04/06 - 4/12/2016),13725,CONSEIL SUPERIEUR DE LA MAGISTRATURE (CSM),Hosting,Paris,LRS | Hosting,Signée,VASSILIEFF,MAUDET,10827.74,100%,4/1/2016,4/1/2016
14084 - Etude solution de virtualisation open source,14084,GENDARMERIE NATIONALE,Infra,Paris,LPS | Forfait,Sans suite,VASSILIEFF,CHAPELLON,70000,0%,10/16/2015,11/30/2016
14121 - Création d'un logiciel spécifique,14121,SDIS 68,Développement,Paris,LRS | OSSA,Sans suite,BOSSHARD,MAUDET,1000,0%,10/27/2015,2/1/2016
14130 - Pojets web,14130,VILLE D'AUXERRE,Studio,Paris,LGS l Service Forfait,Sans suite,BOSSHARD,MOUTON,1000,0%,10/29/2015,4/22/2016
14249 - Hosting 2016 (01/04-31/03),14249,MOUVEMENT CONTRE LE RACISME ET POUR L'AMITIE ENTRE LES PEUPLES,Hosting,Netaktiv,LRS | Hosting,Gagnée,BZIK,MAUDET,1236,100%,1/1/2016,4/1/2016
14256 - Hébergement Plateforme OBM 2016,14256,MAIRIE DE BRESSUIRE,OBM,Paris,LGS l Souscription,Gagnée,BOSSHARD,MAUDET,3000,100%,4/1/2016,7/15/2016
14263 - support pack 20 [UGAP],14263,CNAF,Support,Paris,LRS | Support,Sans suite,VASSILIEFF,MAUDET,25504,0%,3/1/2016,3/1/2016
14465 - Formation Linux Essentials,14465,OCTO,Formation,Paris,LTS | Inter,Gagnée,OBREMSKI,OBREMSKI,1800,100%,4/1/2016,4/1/2016
14466 - Seminaire CJOS,14466,SOCIETE GENERALE SA,Conseil,Paris,LCS | Forfait,Sans suite,ZAPOLSKY,SCHURR,6200,0%,4/1/2016,4/4/2016
14467 - Formation JSF 2.2,14467,PORT AUTONOME DE MARSEILLE,Formation,Paris,LTS | Intra,Perdue,STAMBOULI,VALENTIN,5000,0%,4/1/2016,4/29/2016
14468 - SLL interministeriel,14468,MINISTERE DE L'INTERIEUR - DSIC,OSSA,Paris,LRS | OSSA,Signée,VASSILIEFF,DUFAY,0,100%,4/1/2016,5/17/2016
14469 - Candidature AO Prestation de développements infirmatiques agiles de services numériques,14469,METROPOLE DE LYON,Studio,Paris,LPS | Forfait,Perdue,BENHADDOU,MAUDET,1,0%,4/4/2016,4/11/2016
13058 - Projet Gestion des identités LinID [UGAP],13058,MAIRIE DE CLAMART,LinID,Paris,LGS l Service Forfait,Qualification,BOSSHARD,OUDOT,20000,1%,8/27/2014,5/1/2016
14119 - ESB,14119,UNIVERSITE DE PARIS 9 DAUPHINE,Studio,Paris,LPS | Forfait,Qualification,BOSSHARD,MOUTON,50000,1%,10/27/2015,5/12/2016
14346 - Support LSC 2016,14346,NEXTIRAONE FRANCE,LinID,Paris,LGS l Souscription,Signée,BOSSHARD,MAUDET,5000,100%,1/29/2016,2/19/2016
14470 - Projet hospitalités [UGAP] - Lot 4 - Offre PASS,14470,PALAIS OMNISPORTS DE PARIS BERCY,Studio,Paris,LPS | Assistance,Sans suite,CONTE,CAMICAS,35000,0%,4/5/2016,4/5/2016
14471 - SecurePGP,14471,VOLKSWAGEN,LinPKI,Paris,LGS l Service Forfait,Signée,CONTE,MAUDET,9570,100%,3/15/2016,4/5/2016
14472 - Formation bureautique,14472,VIGIMILIA,Bureautique,GSE,LTS | Intra,Signée,PHILIPPENKO,VALENTIN,2109,100%,4/5/2016,4/7/2016
14473 - Petals,14473,CCIMP,Petals,GSE,LCS | Forfait,Qualification,BOSSHARD,ESCUDIE,80000,1%,4/5/2016,6/30/2016
14474 - TMA applicative,14474,CCIMP,Support,GSE,LRS | Support,Qualification,BOSSHARD,PHILIPPENKO,10000,1%,4/5/2016,4/30/2016
13818 - UGAP - Déploiement Nagios ou Centréon,13818,COMMUNAUTE DE COMMUNES DU PAYS DE SAINT-MARCELLIN,Infra,GSE,LPS | Forfait,Sans suite,STAMBOULI,VALENTIN,5000,0%,6/18/2015,7/15/2015
14475 - Tranfert de compétences LL,14475,GAINDE2000,Formation,Paris,LTS | Intra,Sans suite,KISAKA,MAUDET,15000,0%,4/6/2016,4/6/2016
8789 - Formation Shell avancé,8789,INRA JOUY EN JOSAS,AUTRE,Paris,LTS | Intra,Sans suite,TAILLARD,HAOUAS,2200,0%,6/30/2011,6/30/2011
14476 - POC RSE en Saas,14476,AFD,Studio,Paris,LPS | Forfait,Perdue,VASSILIEFF,MOUTON,45000,0%,4/7/2016,5/3/2016
14477 - Etude open source,14477,AFD,Conseil,Paris,LPS | Forfait,Sans suite,VASSILIEFF,MAUDET,50000,0%,4/7/2016,7/22/2016
14478 - [UGAP]Pack 50 au mars 2017,14478,CNAF,OSSA,Paris,LRS | Support,Sans suite,VASSILIEFF,DUFAY,38256,0%,4/7/2016,4/30/2016
13745 - [UGAP] Installation GLPI-OCS,13745,SDIS 23,Infra,Paris,LPS | Forfait,Signée,BOSSHARD,MAUDET,9071.7,100%,5/13/2015,5/1/2016
14265 - OBM online 8 comptes 2016 Ã  2019 (09/03-08/03),14265,SERRE EQUIPEMENT INDUSTRIEL,OBM,Paris,LGS l Souscription,Signée,BOSSHARD,MAUDET,480,100%,1/1/2016,2/1/2016
14479 - marché broadcast - MS2 - profil expert easy php,14479,FRANCE TELEVISIONS,Studio,Paris,LPS | Assistance,Sans suite,CONTE,MAUDET,0,0%,4/8/2016,4/14/2016
20183 - Renouvellement Bull Aix-X86 (av16-nov16),20183,MINEFI SLL 2012,Infra,Paris,LPS | Forfait,Signée,DANIEL,MAUDET,100958.52,100%,4/8/2016,4/8/2016
14480 - intervention postfix et 3 ans de certificats,14480,CONSEIL GENERAL DE GUYANE,OBM,Paris,LGS l Service Assistance,Gagnée,CONTE,CHAPELLON,3960,100%,4/8/2016,4/8/2016
14481 - [UGAP] jours d'expertise en complément du pack50,14481,REGIME SOCIAL DES INDEPENDANTS (ANCIENNEMENT CANAM),Infra,Paris,LPS | Forfait,Signée,VASSILIEFF,DUFAY,25788.1,100%,2/17/2016,2/17/2016
14482 - Etude cession valo SQUARE CRM (Success fees),14482,SCUB,Conseil,Paris,LCS | Forfait,Gagnée,SCHURR,SCHURR,8000,100%,4/11/2016,4/11/2016
14483 - COJF alerte email groupe,14483,COUR DES COMPTES,LinPKI,Paris,LGS l Service Forfait,Sans suite,VASSILIEFF,MARTIN,10000,0%,4/11/2016,6/10/2016
14484 - Formation APACHE,14484,BECHIIR,Formation,Paris,LTS | Inter,Sans suite,OBREMSKI,OBREMSKI,1400,0%,4/11/2016,4/11/2016
14486 - [UGAP] UO libreoffice nÂ°7,14486,NANTES METROPOLE,Bureautique,Paris,LPS | Assistance,Signée,VASSILIEFF,MAUDET,37357.06,100%,4/13/2016,4/22/2016
14487 - Formation LPI 202,14487,EDF,Formation,Paris,LTS | Inter,Signée,MATONDO,MATONDO,2400,100%,4/13/2016,4/13/2016
14488-GrDF-eMailing,14488,DREAM ON,NEOMA,NEOMA,LPS | Assistance,Gagnée,CLOUZEAU,ZAPOLSKY,2000,100%,4/13/2016,4/13/2016
11056 - [UGAP] Migration (+support) OBM,11056,SDIS 21,OBM,Paris,LGS l Service Forfait,Signée,TAILLARD,ZAPOLSKY,28500,100%,10/3/2012,10/15/2012
14086 - (UGAP) Tests de performances ARGOS,14086,COUR DES COMPTES,Infra,Paris,LPS | Assistance,Sans suite,VASSILIEFF,VALENTIN,15000,0%,10/16/2015,2/23/2017
14489 - Accompagnement au déploiement PKI,14489,DOCAPOST,LinPKI,Paris,LGS l Service Assistance,Signée,BENHADDOU,MAUDET,58900,100%,4/14/2016,5/2/2016
14490 - Formation LPI 101,14490,SOGETI,Formation,Paris,LTS | Inter,Gagnée,MATONDO,MATONDO,2200,100%,4/14/2016,4/14/2016
14491 - accompagnement open source,14491,LATECOERE,Conseil,GSO,LCS | Assistance,Signée,DESCHUTTER,VALENTIN,13500,100%,4/14/2016,5/20/2016
14492 - elasticsearch,14492,GIE AGORA,Développement,GSO,LPS | Forfait,Qualification,DESCHUTTER,VALENTIN,5000,30%,4/14/2016,6/14/2016
14493 - accompagnement JS,14493,GIE AGORA,Conseil,GSO,LPS | Forfait,Qualification,DESCHUTTER,VALENTIN,4000,50%,4/14/2016,6/14/2016
14485 - UGAP - solution sous Raspberry,14485,COMMUNAUTE URBAINE DE BORDEAUX,Développement,GSO,LPS | Forfait,Signée,DESCHUTTER,VALENTIN,13913.34,100%,4/14/2016,4/21/2016
12597 - Besoin Linshare,12597,MAIRIE DE CHOLET,LinShare,Paris,LPS | Assistance,Qualification,BOSSHARD,MARTIN,3000,1%,5/14/2014,5/1/2016
14495 -  OBM Assistance 3,14495,BRAKE FRANCE SERVICE,OBM,Paris,LGS l Service Assistance,Signée,ZAPOLSKY,CHAPELLON,5000,100%,4/15/2016,4/15/2016
14496 - CCAP 16 00035 TMA lot 1,14496,EDF - DIRECTION DES ACHATS,Support,Paris,LPS | Assistance,Perdue,CONTE,MAUDET,20000,0%,4/14/2016,4/21/2016
14497 [UGAP] dev owncloud,14497,CNRS DSI,Développement,GSO,LPS | Assistance,Signée,DESCHUTTER,VALENTIN,30120.08,100%,4/18/2016,4/20/2016
14499 - Messagerie,14499,EREMS - VALAB,OBM,GSO,LGS l Service Forfait,Sans suite,DESCHUTTER,VALENTIN,15000,0%,4/18/2016,4/28/2016
14511 - SDOS,14511,SOCIETE DES ALCOOLS DU QUEBEC,Conseil,CANADA,LCS | Forfait,Sans suite,IVOL,MAUDET,40000,0%,4/18/2016,4/18/2016
14500 - pack 20 jusque novembre 2016,14500,CNAF,OSSA,Paris,LRS | Support,Sans suite,VASSILIEFF,MAUDET,16833,0%,4/19/2016,4/22/2016
14501 - Introduction aux SGBD NoSQL et aide Ã  la décision,14501,VIGIMILIA,Formation,GSE,LTS | Intra,Signée,PHILIPPENKO,VALENTIN,1950,100%,4/19/2016,4/20/2016
14502 - Formation NoSQL (MongoDB ou autre),14502,VIGIMILIA,Formation,GSE,LTS | Intra,Signée,PHILIPPENKO,VALENTIN,4550,100%,4/19/2016,4/20/2016
14503 - Kit de dev (UGAP),14503,CNRS DSI,Développement,GSO,LPS | Assistance,Signée,DESCHUTTER,VALENTIN,6982.16,100%,4/19/2016,4/29/2016
14509 - SDOS,14509,VILLE DE TROIS-RIVIERES,Conseil,CANADA,LCS | Forfait,Sans suite,IVOL,MAUDET,24500,0%,4/19/2016,4/19/2016
14510 - SDOS,14510,SNC LAVALIN,Conseil,CANADA,LCS | Forfait,Sans suite,IVOL,MAUDET,40000,0%,4/19/2016,4/19/2016
14512 - SDOS,14512,"COMMISSION DES NORMES, DE L'EQUITE, DE LA SANTE ET DE LA SECURITE DU TRAVAIL",Formation,CANADA,LCS | Forfait,Sans suite,IVOL,MAUDET,24500,0%,4/19/2016,4/19/2016
14504 - TMA OS Lot 1 Package 1,14504,EDF - DIRECTION DES ACHATS,Infra,Paris,LPS | Assistance,Perdue,CONTE,MAUDET,174000,0%,4/20/2016,4/22/2016
14505 -  [UGAP] Tests Unitaires et automatisés OwnCloud,14505,CNRS DSI,Développement,GSO,LPS | Forfait,Signée,DESCHUTTER,VALENTIN,21863.82,100%,4/20/2016,4/29/2016
14506 - [UGAP]Â POC OBM LinShare Samba,14506,ASP PUBLIC,OBM,GSO,LGS l Service Forfait,Signée,DESCHUTTER,VALENTIN,22934.1,100%,4/20/2016,4/21/2016
14508 - LinShare Saas 20 cptes,14508,STIME - GROUPEMENT DES MOUSQUETAIRES/DIRECTION TECHNIQUE,LinShare,GSO,LGS l Souscription,Qualification,DESCHUTTER,VALENTIN,400,50%,4/21/2016,5/13/2016
14513 - PORTAIL DE GARANTIE DONNEES,14513,AFD,Studio,Paris,LPS | Forfait,Perdue,VASSILIEFF,MOUTON,50000,0%,4/26/2016,4/27/2016
14514 - Support Linshare pour Casino 2016/2017 (fin 30/04/2017),14514,Axians,LinShare,GSE,LGS l Souscription,Signée,PHILIPPENKO,MAUDET,7500,100%,4/26/2016,4/27/2016
14516 - [UGAP] expertise Linshare 2016,14516,COUR DES COMPTES,LinShare,Paris,LGS l Service Assistance,Signée,VASSILIEFF,MARTIN,9173.64,100%,4/27/2016,5/4/2016
14517 - Formation OBM Administration Avancée,14517,JULIANA MULTIMEDIA,Formation,Paris,LTS | Intra,Signée,MATONDO,MAUDET,2100,100%,4/28/2016,4/28/2016
14518 - OBM,14518,CONCEPT FEDERALITUDE,OBM,Paris,LCS | Assistance,Sans suite,KISAKA,MAUDET,10000,0%,4/28/2016,5/9/2016
14519 - Website,14519,CONCEPT FEDERALITUDE,Studio,Paris,LCS | Assistance,Sans suite,KISAKA,CAMICAS,10000,0%,4/28/2016,5/9/2016
14521 - [UGAP] Accompagnement et transfert de compétences LemonLDAP,14521,VILLE DE VILLEURBANNE,LinID,Paris,LGS l Service Forfait,Sans suite,BENHADDOU,MAUDET,40000,0%,4/28/2016,5/2/2016
14522 - KFC UX bornes de commandes,14522,KFC,Studio,NEOMA,LPS | Forfait,Signée,BENHADDOU,MAUDET,11600,100%,4/28/2016,5/13/2016
14523 - Sécurisation et fiabilisation OpenLDAP tranche ferme,14523,RENNES METROPOLE,LinID,Paris,LGS l Service Forfait,Gagnée,STG_SIRIGU,MAUDET,14650,100%,4/28/2016,7/1/2016
14525 - Migration Opush 3,14525,COMMUNAUTE D'AGGLOMERATION DE SAINT LO,OBM,Paris,LGS l Service Forfait,Signée,BENHADDOU,MAUDET,3000,100%,4/28/2016,6/1/2016
14526 - TMA OS Lot 1 Package 2,14526,EDF - DIRECTION DES ACHATS,LinID,Paris,LGS l Service Assistance,Signée,CONTE,MAUDET,85000,100%,4/4/2016,4/4/2016
14527 -  AT Admin syst,14527,EPICONCEPT,Infra,Paris,LPS | Assistance,Gagnée,CONTE,MAUDET,15000,100%,4/29/2016,4/29/2016
14528 -  SVA Sécure PGP lot 2,14528,BANQUE DE FRANCE,LinPKI,Paris,LGS l Service Forfait,Qualification,CONTE,MAUDET,20000,10%,4/29/2016,4/29/2016
14529 - Cadrage pour la réalisation d'un tableau de bord Oréon [UGAP],14529,CNMSS,Infra,GSE,LPS | Forfait,Signée,STAMBOULI,VALENTIN,3057.88,100%,4/29/2016,5/4/2016
14507 - Projet GLPI [ UGAP],14507,DGAC - DSNA - DTI,Infra,Paris,LPS | Assistance,Sans suite,CONTE,MAUDET,41000,0%,4/21/2016,4/29/2016
13741 -  OBM online 5 comptes,13741,FRANCESCHI FREDERIC - PARTICULIER,OBM,Paris,LGS l Souscription,Sans suite,BUCAN,BUCAN,100,0%,5/11/2015,5/12/2015
14252 - support Linshare 2016 (01/06-31/05),14252,OL GROUPE,LinShare,Paris,LGS l Souscription,Signée,STG_SIRIGU,MARTIN,1000,100%,3/1/2016,4/1/2016
14264 - Support Mondo Rescue 01/07-31/12 2016,14264,LANBASE,Support,Paris,LRS | Support,Signée,STG_SIRIGU,MAUDET,5000,100%,4/1/2016,6/1/2016
14266 - Support OBM 3 ans,14266,COMMUNAUTE DE COMMUNES DU BASSIN DE THAU,OBM,GSO,LGS l Souscription,Signée,DESCHUTTER,VALENTIN,4500,100%,4/1/2016,6/1/2016
14530 - synchronisation AD OpenLDAP,14530,ELEPHANT VERT,LinID,Paris,LGS l Service Assistance,Signée,BENHADDOU,MAUDET,6400,100%,5/1/2016,5/2/2016
13801 - OBM Online pour le Musée,13801,CNAM - CONSERVATOIRE NATIONAL DES ARTS ET METIER,OBM,Paris,LGS l Souscription,Signée,BOISSONNET,MAUDET,720,100%,6/1/2015,6/1/2015
14287 - Refonte du site web,14287,MAIRIE DE CHATOU,Studio,Paris,LPS | Forfait,Sans suite,BOSSHARD,MOUTON,1000,0%,1/6/2016,9/19/2016
14531 - AO GPSA WebSSO,14531,INOLIANS,LinID,Paris,LGS l Service Forfait,Négociation,CONTE,MAUDET,198000,30%,4/20/2016,6/6/2016
20185 - SGSEP Rosie - Réversibilité,20185,MINEFI SLL 2012,Studio,Paris,LPS | Forfait,Signée,CAMICAS,CAMICAS,16245,100%,4/19/2016,4/25/2016
14533 - Formation PKI EJBCA,14533,VAELIA,Formation,Paris,LTS | Intra,Gagnée,OBREMSKI,OBREMSKI,2500,100%,5/2/2016,5/2/2016
14534 - AMOE projets informatique,14534,SERVICE DES ACHATS DE L'ETAT,Développement,Paris,LPS | Assistance,Sans suite,VASSILIEFF,MAUDET,1,0%,5/2/2016,5/27/2016
14535 - AT Mail OBM,14535,ECOLE NAT. VETERINAIRE DE TOULOUSE,OBM,Paris,LGS l Service Assistance,Signée,CONTE,MAUDET,1575,100%,5/2/2016,5/2/2016
14536 - 25 comptes OBM Online,14536,TTRAM,OBM,Paris,LGS l Souscription,Gagnée,BENHADDOU,MAUDET,540,100%,5/2/2016,5/2/2016
14537 - 25 comptes OBM Online,14537,TTRAM,OBM,Paris,LGS l Souscription,Gagnée,BENHADDOU,MAUDET,540,100%,5/2/2016,5/2/2016
14538 -  Securisation de Firefox,14538,STIME - GROUPEMENT DES MOUSQUETAIRES/DIRECTION TECHNIQUE,Infra,Paris,LPS | Assistance,Sans suite,CONTE,MAUDET,2850,0%,5/2/2016,5/20/2016
20184 - Mise en place Ansible,20184,MINEFI SLL 2012,Infra,Paris,LPS | Forfait,Sans suite,DANIEL,MAUDET,9340.88,0%,5/2/2016,5/4/2016
14539 - une journée de formation websso,14539,BIBILOTHEQUE PUBLIQUE D'INFORMATION (BPI),LinID,Paris,LGS l Service Assistance,Signée,CONTE,MAUDET,1400,100%,5/3/2016,5/3/2016
14540 - Etude 1 lot 3 WS,14540,EDF - DIRECTION DES ACHATS,Infra,Paris,LPS | Assistance,Perdue,CONTE,MAUDET,120000,0%,5/3/2016,5/3/2016
14332 - Urbanisation SI / Petals,14332,VALENCE AGGLO SUD RHONE-ALPES,Petals,Paris,LGS l Souscription,Qualification,BOSSHARD,MAUDET,1000,1%,1/25/2016,3/24/2016
14333 -  support sur logiciels libres,14333,VALENCE AGGLO SUD RHONE-ALPES,Support,Paris,LGS l Service Assistance,Qualification,BOSSHARD,MAUDET,1000,1%,1/25/2016,3/11/2016
14541 - Formation LPI 101 et 102,14541,CISAD,Formation,Paris,LTS | Inter,Sans suite,MATONDO,VALENTIN,4400,0%,5/4/2016,5/4/2016
14542 - AT Drupal 2j,14542,INFHOTEP,Studio,Paris,LPS | Assistance,Signée,BENHADDOU,MAUDET,1600,100%,5/4/2016,5/4/2016
14543 - TMA ADAMANT,14543,MINISTERE DE LA CULTURE,Développement,Paris,LPS | Forfait,Perdue,VASSILIEFF,MAUDET,835000,0%,5/4/2016,9/26/2016
14544 - Maintenance SecurPGP,14544,VOLKSWAGEN,LinPKI,Paris,LGS l Souscription,Signée,CONTE,MAUDET,15000,100%,5/4/2016,5/4/2016
13609 - UGAP - Montée en version en OBM 3 (agendas seulement),13609,MAIRIE D'ISTRES,OBM,GSE,LGS l Service Forfait,Qualification,BOSSHARD,MAUDET,20000,2%,3/5/2015,3/20/2015
14545 - AO OS Lot 1,14545,MINISTERE EDUCATION NATIONALE,Formation,Paris,LTS | Inter,Perdue,CONTE,MAUDET,100000,0%,5/5/2016,5/12/2016
10771 - Formation Windows 7,10771,CNFPT GRANDE COURONNE,AUTRE,Paris,LTS | Intra,Signée,TAILLARD,TAILLARD,1500,100%,5/21/2012,5/21/2012
13410 - UGAP - Montée de version OBM,13410,MAIRIE D'ISTRES,OBM,GSE,LGS l Souscription,Négociation,BOSSHARD,MAUDET,5000,2%,1/9/2015,2/23/2017
14546 - OSSA,14546,GEMALTO GEMENOS,OSSA,Paris,LRS | OSSA,Qualification,BOSSHARD,MAUDET,250000,10%,5/10/2016,6/30/2016
14547 - Formation LPI 101,14547,EDUGROUPE,Formation,Paris,LTS | Inter,Sans suite,OBREMSKI,OBREMSKI,1320,0%,5/10/2016,5/10/2016
14548 - Formation LPI 102,14548,EDUGROUPE,Formation,Paris,LTS | Inter,Signée,OBREMSKI,OBREMSKI,1320,100%,5/10/2016,5/10/2016
20186 - Revalorisation Postfix,20186,MINEFI SLL 2012,Infra,Paris,LPS | Forfait,Signée,DANIEL,MAUDET,5353.25,100%,5/10/2016,5/11/2016
14549 - InterfaÃ§age SEDIT/Petals/Chorus (MinFi),14549,CD04,Petals,GSE,LCS | Forfait,Perdue,PHILIPPENKO,ESCUDIE,100000,0%,5/10/2016,6/10/2016
14550 - Candidature Conception et maintenance d'un intranet et d'un extranet métier,14550,CENTRE NATIONAL DE LA CHANSON DES VARIETES ET DU JAZZ,Studio,Paris,LPS | Forfait,Sans suite,BENHADDOU,MAUDET,1,0%,5/10/2016,5/11/2016
14551 - AT POC OpenLDAP,14551,CARREFOUR SYSTEME D'INFORMATION FRANCE,LinID,Paris,LGS l Service Assistance,Signée,CONTE,CHAPELLON,7875,100%,5/11/2016,5/11/2016
14552 - accompagnement intranet (UGAP),14552,COUR DES COMPTES,Studio,Paris,LPS | Forfait,Signée,VASSILIEFF,MOUTON,41994.84,100%,5/12/2016,5/13/2016
20187 - connecteur m2E pour JiBX,20187,MINEFI SLL 2012,Développement,Paris,LPS | Forfait,Sans suite,DANIEL,MAUDET,13200,0%,5/12/2016,5/13/2016
14553 - Maiincloud,14553,ASTEN,OBM,Paris,LGS l Service Forfait,Signée,CONTE,CHAPELLON,5000,100%,5/13/2016,5/13/2016
14291 - Prospection,14291,BOMBARDIER,Conseil,CANADA,LCS | Forfait,Qualification,IVOL,MAUDET,10000,5%,5/14/2016,7/2/2017
13235 - Montée en version LinShare (lors de la sortie de la version pour tablettes),13235,CONSEIL GENERAL DE HAUTE LOIRE,LinPKI,GSE,LGS l Service Assistance,Sans suite,STAMBOULI,MAUDET,5000,0%,10/17/2014,5/15/2015
14257 - Hosting 2016 (17/05-16/05),14257,MARGARETH&MOI,Hosting,Paris,LRS | Hosting,Gagnée,BZIK,MAUDET,2880,100%,5/17/2016,5/17/2016
14554 - Formations Linux Essentials Ã  LPI 202 - ACIM SLL,14554,MINISTERE DE L'INTERIEUR,Formation,Paris,LTS | Intra,Signée,CONTE,CONTE,49950,100%,5/17/2016,5/17/2016
"14555 - plaplateforme collaborative, expertise Python et maintenance sites internet",14555,AL BAWSALA,OBM,Paris,LGS l Service Assistance,Gagnée,BOSSHARD,MAUDET,7000,100%,5/17/2016,5/17/2016
14557 - Réversibilité OBMonline,14557,MANUFACTURE NATIONALE DE SEVRES,OBM,Paris,LGS l Service Forfait,Signée,VASSILIEFF,CHAPELLON,6500,100%,5/17/2016,5/17/2016
14558 - Formation Programmation JAVA,14558,AVIATION CIVILE,Formation,GSO,LTS | Intra,Gagnée,DESCHUTTER,VALENTIN,4200,100%,5/18/2016,5/18/2016
14561 - AT  ASA  3T 2016,14561,FRANCE TELEVISIONS,Infra,Paris,LPS | Assistance,Signée,CONTE,MAUDET,28050,100%,5/18/2016,5/18/2016
14565 - BUY-Paris (LagardÃ¨re travel Retail),14565,TMP WORLDWIDE - FRANCE (PJB & ASSOCIES),NEOMA,NEOMA,LPS | Forfait,Gagnée,CLOUZEAU,ZAPOLSKY,2230,100%,3/14/2016,5/20/2016
14566 - accompagnement drupal,14566,METEO FRANCE,Développement,GSO,LPS | Forfait,Perdue,DESCHUTTER,VALENTIN,15000,0%,5/20/2016,5/27/2016
14567 - solution de signature électronique mode Saas,14567,SNCF,LinPKI,Paris,LGS l Service Forfait,Perdue,BUCAN,MAUDET,30000,0%,5/24/2016,5/26/2016
14568 - formation LPI 3,14568,MINISTERE DE L'INTERIEUR,Formation,Paris,LTS | Intra,Négociation,CONTE,MAUDET,15000,30%,5/24/2016,5/24/2016
14569 - Spécifications techniques outil de gestion de contacts,14569,ARS PACA,LinID,GSE,LGS l Service Forfait,Perdue,STAMBOULI,CHAPELLON,10000,0%,5/24/2016,5/31/2016
14352 - AT GLPI,14352,UNIVERSITE DE BOURGOGNE,Développement,Paris,LGS l Service Assistance,Sans suite,BOSSHARD,MAUDET,5318,0%,2/3/2016,2/29/2016
14570 - expertise Git Github [UGAP],14570,COUR DES COMPTES,Infra,Paris,LPS | Assistance,Signée,VASSILIEFF,MOUTON,5198.4,100%,5/25/2016,5/31/2016
14571 - intranet phase 2,14571,COUR DES COMPTES,Studio,Paris,LPS | Assistance,Sans suite,VASSILIEFF,MOUTON,30000,0%,5/25/2016,8/31/2016
14573 - LPI102,14573,ARISMORE,Formation,Paris,LTS | Inter,Signée,CONTE,MAUDET,2200,100%,5/26/2016,5/26/2016
14574 - TC _marche_2007-050_TMA,14574,BIBILOTHEQUE PUBLIQUE D'INFORMATION (BPI),LinID,Paris,LGS l Service Assistance,Gagnée,CONTE,MAUDET,7000,100%,5/26/2016,5/26/2016
20188 - Etude d'opportunité (suite),20188,MINEFI SLL 2012,Infra,Paris,LPS | Forfait,Signée,MAUDET,MAUDET,22207,100%,5/26/2016,5/26/2016
14575 - Refonte parcours client CCI Rezo,14575,CCI NORMANDIE,NEOMA,NEOMA,LPS | Forfait,Sans suite,BENHADDOU,MAUDET,15000,0%,5/26/2016,6/17/2016
14636 - Infra Infonuagique,14636,VILLE DE MONTREAL,Support,CANADA,LCS | Assistance,Gagnée,ROTH,MAUDET,66000,100%,5/26/2016,5/26/2016
14576 - LPI 102 13 au 16 juin,14576,EDUGROUPE,Formation,Paris,LTS | Inter,Sans suite,CONTE,CONTE,1320,0%,5/26/2016,5/26/2016
14577 - Création et hébergement portail internet,14577,CIG GRANDE COURONNE,Studio,Paris,LPS | Forfait,Sans suite,STG_SIRIGU,MOUTON,10000,0%,5/27/2016,6/3/2016
14580 - formation admin PostgreSQL,14580,VIF,Formation,Paris,LTS | Intra,Perdue,MATONDO,CONTE,5400,0%,5/27/2016,5/27/2016
14581 - focalisation points de vigilance,14581,SOCIETE GENERALE SA,Conseil,Paris,LCS | Forfait,Gagnée,CONTE,SCHURR,9920,100%,5/27/2016,5/27/2016
14292 - OBM + Linshare,14292,VILLE DE MONTREAL,OBM,CANADA,LGS l Service Forfait,Sans suite,IVOL,MAUDET,30000,0%,5/28/2016,6/28/2016
14582 - AT POC OpenLDAP,14582,CARREFOUR SYSTEME D'INFORMATION FRANCE,LinID,Paris,LGS l Service Assistance,Signée,CONTE,CHAPELLON,3150,100%,5/30/2016,5/30/2016
14583 - Rapport sur GLPI,14583,CG43,AUTRE,GSE,LCS | Assistance,Sans suite,BOSSHARD,PHILIPPENKO,9000,0%,5/30/2016,6/15/2016
14584 - Configuration LinShare,14584,CG43,LinShare,GSE,LCS | Assistance,Sans suite,BOSSHARD,PHILIPPENKO,10000,0%,5/30/2016,6/15/2016
14585 - Support GLPI,14585,AP-HM,OSSA,GSE,LRS | Support,Sans suite,PHILIPPENKO,PHILIPPENKO,5000,0%,5/30/2016,6/30/2016
14587 - Formation LPI 102,14587,SETELIA,Formation,Paris,LTS | Inter,Sans suite,MATONDO,MAUDET,2200,0%,5/30/2016,5/30/2016
14588 - [UGAP] expertise PIWIK,14588,CNAV,Studio,Paris,LPS | Forfait,Signée,VASSILIEFF,MAUDET,5657.08,100%,5/30/2016,6/22/2016
14609 - Dev Plateformes,14609,VILLE DE MONTREAL,Studio,CANADA,LPS | Forfait,Gagnée,ROTH,MAUDET,61500,100%,5/30/2016,5/30/2016
14589 - Formation LPI,14589,CEGEDIM,Formation,Paris,LTS | Inter,Signée,MATONDO,MAUDET,2200,100%,5/31/2016,5/31/2016
14610 - Soutien en environnement Linux,14610,"MINISTERE DE L'ECONOMIE, DE LA SCIENCE ET DE L'INNOVATION",Support,CANADA,LPS | Assistance,Perdue,ROTH,MAUDET,154980,0%,5/31/2016,6/15/2016
14590 - Formation Drivers linux,14590,SMARDTV,Infra,GSE,LPS | Forfait,Perdue,STAMBOULI,VALENTIN,10000,0%,6/1/2016,6/3/2016
20189 - BOFIP - Formation Drupal 8 / PHP7,20189,MINEFI SLL 2012,Studio,Paris,LPS | Assistance,Sans suite,DANIEL,CAMICAS,46939.55,0%,6/2/2016,6/20/2016
14591 - GRC capdemat,14591,CG 35,Développement,Paris,LPS | Forfait,Gagnée,VASSILIEFF,MAUDET,27400,100%,6/2/2016,7/12/2016
14592 - Integration Bus de services,14592,CG 35,Petals,Paris,LGS l Service Forfait,Gagnée,VASSILIEFF,ESCUDIE,86750,100%,6/2/2016,7/29/2016
14593 - SAE Asalae,14593,CG 35,LinPKI,Paris,LPS | Forfait,Sans suite,VASSILIEFF,ZAPOLSKY,40000,0%,6/2/2016,1/5/2017
14594 - Projet AVEA,14594,ARESSY ET ASSOCIES,NEOMA,NEOMA,LPS | Assistance,Gagnée,CLOUZEAU,CLOUZEAU,1,100%,6/2/2016,6/2/2016
14946 - MAJ Webzine Actionnaire SUEZ,14946,AGENCE O'COMMUNICATION,NEOMA,Paris,LPS | Assistance,Gagnée,CLOUZEAU,CLOUZEAU,1,100%,6/2/2016,6/2/2016
14595 - LPI 201- semaine 27,14595,EDUGROUPE,Formation,Paris,LTS | Inter,Signée,CONTE,CONTE,1440,100%,6/3/2016,6/3/2016
14596 - integration et support LDAP,14596,CARREFOUR SYSTEME D'INFORMATION FRANCE,LinID,Paris,LGS l Service Forfait,Perdue,CONTE,MAUDET,110000,0%,6/3/2016,6/7/2016
14597 -  Projet EJBCA,14597,MAIF,LinPKI,Paris,LGS l Service Forfait,Signée,CONTE,MAUDET,50000,100%,6/3/2016,6/16/2016
14598 - (UGAP) OwnCloud 30j,14598,CNRS DSI,Développement,GSO,LPS | Assistance,Signée,DESCHUTTER,VALENTIN,16206.74,100%,6/3/2016,6/10/2016
14600 - Linshare installation et support,14600,MINISTERE DE LA CULTURE,LinShare,Paris,LGS l Service Forfait,Signée,VASSILIEFF,CHAPELLON,12630.17,100%,6/6/2016,6/17/2016
14601 - Schema Directeur,14601,GEMALTO GEMENOS,Conseil,GSE,LPS | Assistance,Sans suite,PHILIPPENKO,MAUDET,40000,0%,6/6/2016,7/31/2016
14602 - LPI 101,14602,VAELIA,Formation,Paris,LTS | Delegation,Signée,CONTE,CONTE,2840,100%,6/6/2016,6/6/2016
14603 - recup charges,14603,CLINIQUE DES MINIMES,LinID,GSO,LGS l Service Forfait,Signée,DESCHUTTER,VALENTIN,4860,100%,6/7/2016,6/7/2016
14604 - UGAP - Transfert de compétences PHP,14604,VILLE DE MARSEILLE,Formation,GSE,LTS | Intra,Sans suite,PHILIPPENKO,VALENTIN,5000,0%,6/8/2016,6/15/2016
14605 - Appel entrant sur LinID pour un AO telecom,14605,NEXTIRAONE FRANCE,LinID,Paris,LGS l Service Forfait,Sans suite,CONTE,CHAPELLON,50000,0%,6/8/2016,6/15/2016
14606 - CJOS,14606,AMNESTY INTERNATIONAL,Conseil,Paris,LCS | Assistance,Signée,ZAPOLSKY,SCHURR,1575,100%,6/9/2016,6/9/2016
14608 - CCAP pour une prestation dâ€™expertise GED et PostgreSQL,14608,EDF - DIRECTION DES ACHATS,Infra,Paris,LPS | Assistance,Sans suite,CONTE,MAUDET,102000,0%,6/10/2016,6/23/2016
14293 - Prospection,14293,HYDRO-QUEBEC,Conseil,CANADA,LGS l Souscription,Sans suite,IVOL,MAUDET,30000,0%,6/13/2016,6/29/2016
14611 - Assistance technique sur Carrefour.fr,14611,CARREFOUR SYSTEME D'INFORMATION FRANCE,Studio,Paris,LPS | Assistance,Signée,ZAPOLSKY,MAUDET,84960,100%,6/13/2016,6/13/2016
14612 - purge iparapheur,14612,SIAAP,Développement,Paris,LPS | Forfait,Signée,VASSILIEFF,MAUDET,2100,100%,6/14/2016,6/27/2016
14613 - Candidature refonte site internet,14613,ERILIA,Studio,GSE,LPS | Forfait,Sans suite,PHILIPPENKO,MOUTON,1,0%,6/14/2016,6/15/2016
14614 - Assistance OpenLDAP,14614,CANTON DE VAUD,LinID,Paris,LGS l Service Assistance,Signée,MAUDET,MAUDET,8575,100%,6/15/2016,6/15/2016
14616 - Audit sécurité,14616,GLDF,Conseil,Paris,LPS | Assistance,Sans suite,MAUDET,MAUDET,7875,0%,6/15/2016,6/15/2016
14617 - support lemonLDAP- Linshare,14617,CONSEIL D'ETAT,LinShare,Paris,LGS l Souscription,Signée,VASSILIEFF,CHAPELLON,10000,100%,6/16/2016,6/21/2016
14618 - Support SLL,14618,MINISTERE DE LA CULTURE,OBM,Paris,LGS l Service Forfait,Sans suite,VASSILIEFF,CHAPELLON,150000,0%,6/16/2016,10/14/2016
14619 - evolution fin  de marché (UGAP),14619,MINISTERE DES AFFAIRES SOCIALES ET DE LA SANTE,Studio,Paris,LGS l Service Assistance,Gagnée,VASSILIEFF,MOUTON,48416.4,100%,6/16/2016,7/29/2016
14620 - Drupal Amélioration,14620,CCIMP,Studio,GSE,LPS | Assistance,Sans suite,BOSSHARD,PHILIPPENKO,12000,0%,6/16/2016,7/31/2016
14621 - Refonte Drupal 7,14621,CCIMP,Studio,Paris,LPS | Assistance,Qualification,BOSSHARD,PHILIPPENKO,100000,2%,6/16/2016,7/31/2016
14622 - Accompagnement R&D,14622,GEMALTO GEMENOS,Développement,GSE,LPS | Forfait,Sans suite,PHILIPPENKO,MAUDET,50000,0%,6/16/2016,7/31/2016
14624 - Cloud,14624,GEMALTO GEMENOS,Infra,GSE,LPS | Forfait,Sans suite,PHILIPPENKO,MAUDET,50000,0%,6/16/2016,9/30/2016
14625 - Linshare,14625,CG13,LinShare,GSE,LPS | Forfait,Sans suite,BOSSHARD,PHILIPPENKO,30000,0%,6/16/2016,7/31/2016
14626 - Lot 2 - Support Niveau N4 PostgreSQL,14626,EDF - DIRECTION DES ACHATS,OSSA,Paris,LRS | OSSA,Signée,CONTE,DUFAY,17502,100%,6/17/2016,6/17/2016
20190 - Accompagnement Drupal,20190,MINEFI SLL 2012,Studio,Paris,LPS | Assistance,Signée,DANIEL,DANIEL,53130,100%,6/19/2016,6/20/2016
14628 - OBM,14628,MINISTERE DE L'INTERIEUR TUNISIEN,OBM,TUNISIE,LGS l Service Assistance,Gagnée,ZAPOLSKY,MAUDET,33500,100%,5/3/2016,5/18/2016
14629 - Connecteur Outlook OBM,14629,BARONNIE LANGLET,OBM,Paris,LGS l Souscription,Signée,BENHADDOU,CHAPELLON,330,100%,6/20/2016,6/22/2016
14631 - LPI 101 ET LPI 102,14631,ECONOCOM LILLE,Formation,Paris,LTS | Intra,Sans suite,MATONDO,MATONDO,4400,0%,6/20/2016,6/20/2016
14632 - Support,14632,VERIZON.COM,Support,Paris,LRS | Support,Perdue,KISAKA,BAILLY,30000,0%,6/21/2016,6/28/2016
14633 - lot1 accord cadre 2016,14633,INSTITUT RECHERCHE ET DEVELOPPEMENT,Développement,Paris,LGS l Service Assistance,Sans suite,VASSILIEFF,MAUDET,175000,0%,6/22/2016,7/4/2016
14634 - Administration JBOSS,14634,AIR LIQUIDE,Formation,Paris,LTS | Intra,Gagnée,MATONDO,MATONDO,1800,100%,6/22/2016,6/22/2016
14635 -  AT Admin Sys,14635,FRANCE TV PUB,Infra,Paris,LPS | Assistance,Signée,CONTE,MAUDET,11875,100%,6/22/2016,7/28/2016
14294 - SDOS,14294,ALGORITHME PHARMA,Conseil,CANADA,LGS l Service Forfait,Qualification,IVOL,MAUDET,20000,5%,6/13/2016,6/1/2017
14637 - SOLEO MÃ J site,14637,SOLEO SERVICES,NEOMA,NEOMA,LPS | Forfait,Gagnée,CLOUZEAU,ZAPOLSKY,275,100%,6/23/2016,6/24/2016
14638 - maintenance planetlab,14638,UNIVERSITE PIERRE ET MARIE CURIE,Support,Paris,LGS l Service Forfait,Sans suite,VASSILIEFF,MAUDET,60000,0%,6/24/2016,7/8/2016
14627 -  SQL03 - Administration PostgreSQL,14627,SANTE PUBLIQUE FRANCE,Formation,Paris,LTS | Inter,Sans suite,MATONDO,MATONDO,1400,0%,6/20/2016,8/1/2016
14639 - Expertise Samba,14639,LES ECHOS,Infra,Paris,LPS | Assistance,Signée,BENHADDOU,CHAPELLON,2800,100%,6/27/2016,6/27/2016
14640 - [UGAP] AT Regie Zend 2 sous traitance Darkmira suite,14640,TELECOM PARISTECH,Studio,Paris,LPS | Assistance,Signée,STG_SIRIGU,MAUDET,33177.96,100%,6/27/2016,6/30/2016
14641 - Formation LPI 101,14641,OGEA 12,Formation,Paris,LTS | Inter,Signée,MATONDO,MATONDO,2200,100%,6/27/2016,6/27/2016
14642 - Formation,14642,OMNI,Formation,Paris,LTS | Intra,Sans suite,KISAKA,ZAPOLSKY,1,0%,6/27/2016,11/17/2016
14645 - Intégration LemonLDAP Liferay Kerberos,14645,AIDL,LinID,Paris,LGS l Service Assistance,Sans suite,STG_SIRIGU,MAUDET,10000,0%,6/28/2016,6/29/2016
14646 -  Assistance pour sécurisation base Brehat,14646,SNCF - INFRA,AUTRE,Paris,LPS | Assistance,Gagnée,ZAPOLSKY,MAUDET,33600,100%,6/28/2016,6/28/2016
14647 - evolutions GLPI-FUSION,14647,SIAAP,Support,Paris,LGS l Service Forfait,Signée,VASSILIEFF,MAUDET,7500,100%,6/28/2016,6/30/2016
14648 - Support 2016,14648,BANQUE POSTALE GRADIGNAN,OSSA,GSO,LRS | OSSA,Signée,DESCHUTTER,VALENTIN,50000,100%,6/28/2016,6/28/2016
14649 - Messagerie Collaborative,14649,LA POSTE COTE D'IVOIRE,OBM,Paris,LGS l Service Forfait,Négociation,KISAKA,MAUDET,50000,10%,6/29/2016,7/8/2016
14650 - LPI 101,14650,EXPERTISE INFORMATIQUE,Formation,Paris,LTS | Inter,Signée,MATONDO,MATONDO,2200,100%,6/29/2016,6/30/2016
14651 - ossa cassandra  premiere année,14651,SOCIETE GENERALE SA,OSSA,Paris,LRS | OSSA,Gagnée,CONTE,ZAPOLSKY,62500,100%,6/29/2016,6/29/2016
